model, task, shot, task description, accuracy, partially
text-davinci-002,french,5,True,0.631578947368421,0.21052631578947367
text-davinci-002,question,5,True,0.6666666666666666,0.24561403508771928
text-davinci-002,lowercase,5,True,0.0,0.0
text-davinci-002,colour,5,True,0.0,0.0
text-davinci-002,french,1,True,0.2807017543859649,0.2982456140350877
text-davinci-002,question,1,True,0.3508771929824561,0.2631578947368421

